m,n,P,Q,time,gflops
257,256,1,1,5.649000000e-03,1.991564289e+00
257,256,1,2,7.299000000e-03,1.541354523e+00
257,256,2,2,6.380000000e-03,1.763377220e+00
257,256,2,4,5.202000000e-03,2.162696399e+00
257,256,4,2,8.976700000e-02,1.253283129e-01
513,512,1,1,4.185200000e-02,2.144237535e+00
513,512,1,2,2.723100000e-02,3.295531906e+00
513,512,2,2,6.129300000e-02,1.464125256e+00
513,512,2,4,3.680900000e-02,2.438007806e+00
513,512,4,2,8.692100000e-02,1.032438989e+00
1025,1024,1,1,3.454820000e-01,2.075003788e+00
1025,1024,1,2,1.775300000e-01,4.038058124e+00
1025,1024,2,2,7.524470000e-01,9.527268481e-01
1025,1024,2,4,5.524830000e-01,1.297553877e+00
1025,1024,4,2,4.810210000e-01,1.490322582e+00
2049,2048,1,1,6.689781000e+00,8.566524622e-01
2049,2048,1,2,2.778109000e+00,2.062848277e+00
2049,2048,2,2,9.186271000e+00,6.238458854e-01
2049,2048,2,4,6.433461000e+00,8.907829495e-01
2049,2048,4,2,5.457247000e+00,1.050129739e+00
4097,4096,1,1,9.470464600e+01,4.839230560e-01
4097,4096,1,2,3.162835200e+01,1.449008842e+00
4097,4096,2,2,1.214675080e+02,3.773005840e-01
4097,4096,2,4,5.765490600e+01,7.948978654e-01
4097,4096,4,2,5.997766300e+01,7.641138286e-01
